INSERT INTO CUSTOMER (CUSTOMER_ID, NAME, EMAIL, DOB, RATING) VALUES
(1, 'John Doe', 'john@example.com', '1990-01-01', 5),
(2, 'Jane Smith', 'jane@example.com', '1985-02-14', 4),
(3, 'Alice Brown', 'alice@example.com', '1978-03-23', 3),
(4, 'Bob Johnson', 'bob@example.com', '1995-04-12', 5),
(5, 'Charlie White', 'charlie@example.com', '1992-05-25', 4),
(6, 'Diana Black', 'diana@example.com', '1989-06-15', 5),
(7, 'Edward Green', 'edward@example.com', '1977-07-07', 3),
(8, 'Fiona Blue', 'fiona@example.com', '1988-08-08', 4),
(9, 'George Red', 'george@example.com', '1993-09-09', 5),
(10, 'Hannah Yellow', 'hannah@example.com', '1991-10-10', 4),
(11, 'Ivy Violet', 'ivy@example.com', '1984-11-11', 3),
(12, 'Jack Orange', 'jack@example.com', '1990-12-12', 5),
(13, 'Karen Grey', 'karen@example.com', '1983-01-13', 4),
(14, 'Larry Brown', 'larry@example.com', '1987-02-14', 3),
(15, 'Mona White', 'mona@example.com', '1996-03-15', 5),
(16, 'Nina Black', 'nina@example.com', '1986-04-16', 4),
(17, 'Oscar Green', 'oscar@example.com', '1989-05-17', 5),
(18, 'Paul Blue', 'paul@example.com', '1994-06-18', 3),
(19, 'Quincy Red', 'quincy@example.com', '1982-07-19', 4),
(20, 'Rita Yellow', 'rita@example.com', '1990-08-20', 5);


INSERT INTO DRIVER (DRIVER_ID, NAME, EMAIL, DOB, RATING) VALUES
(1, 'Adam Hill', 'adam@example.com', '1970-01-01', 5),
(2, 'Bella Green', 'bella@example.com', '1975-02-14', 4),
(3, 'Carl Black', 'carl@example.com', '1980-03-23', 3),
(4, 'Daisy Blue', 'daisy@example.com', '1985-04-12', 5),
(5, 'Ethan White', 'ethan@example.com', '1990-05-25', 4),
(6, 'Faith Red', 'faith@example.com', '1977-06-15', 5),
(7, 'Gina Yellow', 'gina@example.com', '1988-07-07', 3),
(8, 'Harry Violet', 'harry@example.com', '1983-08-08', 4),
(9, 'Iris Orange', 'iris@example.com', '1995-09-09', 5),
(10, 'James Grey', 'james@example.com', '1992-10-10', 4),
(11, 'Kevin Brown', 'kevin@example.com', '1984-11-11', 3),
(12, 'Linda White', 'linda@example.com', '1989-12-12', 5),
(13, 'Mark Black', 'mark@example.com', '1991-01-13', 4),
(14, 'Nina Green', 'nina@example.com', '1987-02-14', 3),
(15, 'Owen Blue', 'owen@example.com', '1982-03-15', 5),
(16, 'Pamela Red', 'pamela@example.com', '1979-04-16', 4),
(17, 'Quincy Yellow', 'quincy@example.com', '1986-05-17', 5),
(18, 'Rachel Violet', 'rachel@example.com', '1994-06-18', 3),
(19, 'Sam Orange', 'sam@example.com', '1983-07-19', 4),
(20, 'Tina Grey', 'tina@example.com', '1990-08-20', 5);


INSERT INTO PAYMENT_INFO (PAYMENT_ID, PAYMENT_MODE) VALUES
(1, 'Credit Card'),
(2, 'Debit Card'),
(3, 'PayPal'),
(4, 'Cash'),
(5, 'Bank Transfer'),
(6, 'Credit Card'),
(7, 'Debit Card'),
(8, 'PayPal'),
(9, 'Cash'),
(10, 'Bank Transfer'),
(11, 'Credit Card'),
(12, 'Debit Card'),
(13, 'PayPal'),
(14, 'Cash'),
(15, 'Bank Transfer'),
(16, 'Credit Card'),
(17, 'Debit Card'),
(18, 'PayPal'),
(19, 'Cash'),
(20, 'Bank Transfer');


INSERT INTO VEHICLE (VEHICLE_ID, MODEL, CATEGORY, YEAR, COLOR, KM) VALUES
(1, 'Toyota Prius', 'Sedan', '2015-01-01', 'White', 50000),
(2, 'Honda Accord', 'Sedan', '2016-02-14', 'Black', 60000),
(3, 'Ford Focus', 'Hatchback', '2017-03-23', 'Blue', 30000),
(4, 'Chevrolet Malibu', 'Sedan', '2018-04-12', 'Red', 40000),
(5, 'Nissan Altima', 'Sedan', '2019-05-25', 'Silver', 25000),
(6, 'BMW X5', 'SUV', '2015-06-15', 'White', 70000),
(7, 'Audi Q7', 'SUV', '2016-07-07', 'Black', 50000),
(8, 'Mercedes GLC', 'SUV', '2017-08-08', 'Blue', 45000),
(9, 'Jeep Cherokee', 'SUV', '2018-09-09', 'Red', 35000),
(10, 'Ford Escape', 'SUV', '2019-10-10', 'Silver', 30000),
(11, 'Honda CR-V', 'SUV', '2015-11-11', 'White', 65000),
(12, 'Toyota RAV4', 'SUV', '2016-12-12', 'Black', 40000),
(13, 'Nissan Rogue', 'SUV', '2017-01-13', 'Blue', 45000),
(14, 'Mazda CX-5', 'SUV', '2018-02-14', 'Red', 30000),
(15, 'Subaru Outback', 'SUV', '2019-03-15', 'Silver', 20000),
(16, 'Volkswagen Passat', 'Sedan', '2015-04-16', 'White', 55000),
(17, 'Hyundai Sonata', 'Sedan', '2016-05-17', 'Black', 50000),
(18, 'Kia Optima', 'Sedan', '2017-06-18', 'Blue', 35000),
(19, 'Chevrolet Impala', 'Sedan', '2018-07-19', 'Red', 45000),
(20, 'Ford Fusion', 'Sedan', '2019-08-20', 'Silver', 30000);


INSERT INTO COUPONS (COUPON_ID, TEXT, VALUE, VALIDITY, START_DATE) VALUES
(1, 'NEWYEAR20', '20%', 30, '2024-01-01'),
(2, 'SUMMER15', '15%', 60, '2024-02-14'),
(3, 'SPRING10', '10%', 90, '2024-03-23'),
(4, 'WINTER5', '5%', 120, '2024-04-12'),
(5, 'FALL25', '25%', 180, '2024-05-25'),
(6, 'MONSOON30', '30%', 150, '2024-06-15'),
(7, 'HOLIDAY50', '50%', 60, '2024-07-07'),
(8, 'FESTIVE40', '40%', 90, '2024-08-08'),
(9, 'WEEKEND20', '20%', 30, '2024-09-09'),
(10, 'DAY50', '50%', 1, '2024-10-10'),
(11, 'BONUS15', '15%', 60, '2024-11-11'),
(12, 'DISCOUNT20', '20%', 90, '2024-12-12'),
(13, 'SALE10', '10%', 120, '2024-01-13'),
(14, 'PROMO25', '25%', 180, '2024-02-14'),
(15, 'OFFER30', '30%', 150, '2024-03-15'),
(16, 'CLEAR50', '50%', 60, '2024-04-16'),
(17, 'SPECIAL40', '40%', 90, '2024-05-17'),
(18, 'DEAL20', '20%', 30, '2024-06-18'),
(19, 'FLASH50', '50%', 1, '2024-07-19'),
(20, 'SUPER15', '15%', 60, '2024-08-20');


INSERT INTO TRIPS (TRIP_ID, CUSTOMER_ID, DRIVER_ID, VEHICLE_ID, PAYMENT_ID, FARE, STATUS, DISTANCE, START_LOCATION, END_LOCATION, START_DATE_TIME, END_DATE_TIME, COUPON_ID, PAYMENT_MODE, OTP) VALUES
(1, 1, 1, 1, 1, 500, 'Completed', 10, 'LocationA', 'LocationB', '2024-01-01 08:00:00', '2024-01-01 08:30:00', 1, 'Credit Card', 1234),
(2, 2, 2, 2, 2, 300, 'Completed', 15, 'LocationB', 'LocationC', '2024-02-01 09:00:00', '2024-02-01 09:20:00', 2, 'Debit Card', 5678),
(3, 3, 3, 3, 3, 450, 'Cancelled', 20, 'LocationC', 'LocationD', '2024-03-01 10:00:00', '2024-03-01 10:45:00', 3, 'PayPal', 9101),
(4, 4, 4, 4, 4, 200, 'Completed', 5, 'LocationD', 'LocationE', '2024-04-01 11:00:00', '2024-04-01 11:15:00', 4, 'Cash', 1213),
(5, 5, 5, 5, 5, 350, 'Completed', 12, 'LocationE', 'LocationF', '2024-05-01 12:00:00', '2024-05-01 12:30:00', 5, 'Bank Transfer', 1415),
(6, 1, 6, 6, 6, 600, 'Completed', 30, 'LocationF', 'LocationG', '2024-06-01 13:00:00', '2024-06-01 13:45:00', 6, 'Credit Card', 1617),
(7, 2, 7, 7, 7, 250, 'Cancelled', 7, 'LocationG', 'LocationH', '2024-07-01 14:00:00', '2024-07-01 14:25:00', 7, 'Debit Card', 1819),
(8, 3, 8, 8, 8, 400, 'Completed', 14, 'LocationH', 'LocationI', '2024-08-01 15:00:00', '2024-08-01 15:35:00', 8, 'PayPal', 2021),
(9, 4, 9, 9, 9, 550, 'Completed', 22, 'LocationI', 'LocationJ', '2024-09-01 16:00:00', '2024-09-01 16:45:00', 9, 'Cash', 2223),
(10, 5, 10, 10, 10, 300, 'Cancelled', 10, 'LocationJ', 'LocationK', '2024-10-01 17:00:00', '2024-10-01 17:25:00', 10, 'Bank Transfer', 2425),
(11, 1, 11, 11, 11, 450, 'Completed', 18, 'LocationK', 'LocationL', '2024-11-01 18:00:00', '2024-11-01 18:45:00', 11, 'Credit Card', 2627),
(12, 2, 12, 12, 12, 500, 'Completed', 20, 'LocationL', 'LocationM', '2024-12-01 19:00:00', '2024-12-01 19:30:00', 12, 'Debit Card', 2829),
(13, 3, 13, 13, 13, 450, 'Cancelled', 25, 'LocationM', 'LocationN', '2024-01-01 20:00:00', '2024-01-01 20:45:00', 13, 'PayPal', 3031),
(14, 4, 14, 14, 14, 200, 'Completed', 8, 'LocationN', 'LocationO', '2024-02-01 21:00:00', '2024-02-01 21:15:00', 14, 'Cash', 3233),
(15, 5, 15, 15, 15, 350, 'Completed', 15, 'LocationO', 'LocationP', '2024-03-01 22:00:00', '2024-03-01 22:30:00', 15, 'Bank Transfer', 3435),
(16, 1, 16, 16, 16, 600, 'Completed', 32, 'LocationP', 'LocationQ', '2024-04-01 23:00:00', '2024-04-01 23:45:00', 16, 'Credit Card', 3637),
(17, 2, 17, 17, 17, 250, 'Cancelled', 7, 'LocationQ', 'LocationR', '2024-05-01 00:00:00', '2024-05-01 00:25:00', 17, 'Debit Card', 3839),
(18, 3, 18, 18, 18, 400, 'Completed', 14, 'LocationR', 'LocationS', '2024-06-01 01:00:00', '2024-06-01 01:35:00', 18, 'PayPal', 4041),
(19, 4, 19, 19, 19, 550, 'Completed', 22, 'LocationS', 'LocationT', '2024-07-01 02:00:00', '2024-07-01 02:45:00', 19, 'Cash', 4243),
(20, 5, 20, 20, 20, 300, 'Cancelled', 10, 'LocationT', 'LocationU', '2024-08-01 03:00:00', '2024-08-01 03:25:00', 20, 'Bank Transfer', 4445);


INSERT INTO CUSTOMER_ADDRESS (CUSTOMER_ADDRESS_ID, CUSTOMER_ID, ADDRESS_LINE1, ADDRESS_LINE2, ADDRESS_LINE3, LANDMARK, PINCODE, CITY, STATE) VALUES
(1, 1, '123 Main St', 'Apt 1', 'Area A', 'Near Park', 123456, 'CityA', 'Maharashtra'),
(2, 2, '456 Elm St', 'Apt 2', 'Area B', 'Near Mall', 234567, 'CityB', 'Karnataka'),
(3, 3, '789 Oak St', 'Apt 3', 'Area C', 'Near School', 345678, 'CityC', 'Kerala'),
(4, 4, '101 Pine St', 'Apt 4', 'Area D', 'Near Hospital', 456789, 'CityD', 'Tamil Nadu'),
(5, 5, '202 Maple St', 'Apt 5', 'Area E', 'Near Market', 567890, 'CityE', 'Andhra Pradesh'),
(6, 1, '303 Cedar St', 'Apt 6', 'Area F', 'Near Airport', 678901, 'CityF', 'Rajasthan'),
(7, 2, '404 Birch St', 'Apt 7', 'Area G', 'Near Station', 789012, 'CityG', 'Punjab'),
(8, 3, '505 Walnut St', 'Apt 8', 'Area H', 'Near Museum', 890123, 'CityH', 'Gujarat'),
(9, 4, '606 Chestnut St', 'Apt 9', 'Area I', 'Near Office', 901234, 'CityI', 'West Bengal'),
(10, 5, '707 Ash St', 'Apt 10', 'Area J', 'Near Lake', 123012, 'CityJ', 'Haryana'),
(11, 1, '808 Fir St', 'Apt 11', 'Area K', 'Near Beach', 234123, 'CityK', 'Uttar Pradesh'),
(12, 2, '909 Spruce St', 'Apt 12', 'Area L', 'Near Temple', 345234, 'CityL', 'Bihar'),
(13, 3, '1010 Redwood St', 'Apt 13', 'Area M', 'Near University', 456345, 'CityM', 'Madhya Pradesh'),
(14, 4, '1111 Sequoia St', 'Apt 14', 'Area N', 'Near Plaza', 567456, 'CityN', 'Goa'),
(15, 5, '1212 Poplar St', 'Apt 15', 'Area O', 'Near Park', 678567, 'CityO', 'Assam'),
(16, 1, '1313 Cypress St', 'Apt 16', 'Area P', 'Near Mall', 789678, 'CityP', 'Jharkhand'),
(17, 2, '1414 Redwood St', 'Apt 17', 'Area Q', 'Near School', 890789, 'CityQ', 'Odisha'),
(18, 3, '1515 Alder St', 'Apt 18', 'Area R', 'Near Hospital', 901890, 'CityR', 'Chhattisgarh'),
(19, 4, '1616 Aspen St', 'Apt 19', 'Area S', 'Near Market', 123901, 'CityS', 'Himachal Pradesh'),
(20, 5, '1717 Willow St', 'Apt 20', 'Area T', 'Near Airport', 234012, 'CityT', 'Jammu and Kashmir');


INSERT INTO CUSTOMER_CONTACT (CUSTOMER_CONTACT_ID, CUSTOMER_ID, CONTACT) VALUES
(1, 1, 9876543210),
(2, 2, 8765432109),
(3, 3, 7654321098),
(4, 4, 6543210987),
(5, 5, 5432109876),
(6, 1, 4321098765),
(7, 2, 3210987654),
(8, 3, 2109876543),
(9, 4, 1098765432),
(10, 5, 9988776655),
(11, 1, 8877665544),
(12, 2, 7766554433),
(13, 3, 6655443322),
(14, 4, 5544332211),
(15, 5, 4433221100),
(16, 1, 3322110099),
(17, 2, 2211009988),
(18, 3, 1100998877),
(19, 4, 0099887766),
(20, 5, 9988776655);


INSERT INTO DRIVER_CONTACT (DRIVER_CONTACT_ID, DRIVER_ID, CONTACT) VALUES
(1, 1, 9876543210),
(2, 2, 8765432109),
(3, 3, 7654321098),
(4, 4, 6543210987),
(5, 5, 5432109876),
(6, 6, 4321098765),
(7, 7, 3210987654),
(8, 8, 2109876543),
(9, 9, 1098765432),
(10, 10, 9988776655),
(11, 11, 8877665544),
(12, 12, 7766554433),
(13, 13, 6655443322),
(14, 14, 5544332211),
(15, 15, 4433221100),
(16, 16, 3322110099),
(17, 17, 2211009988),
(18, 18, 1100998877),
(19, 19, 0099887766),
(20, 20, 9988776655);


INSERT INTO DRIVER_ADDRESS (DRIVER_ADDRESS_ID, DRIVER_ID, ADDRESS_LINE1, ADDRESS_LINE2, ADDRESS_LINE3, LANDMARK, PINCODE, CITY, STATE) VALUES
(1, 1, '123 Main St', 'Apt 1', 'Area A', 'Near Park', 123456, 'CityA', 'Maharashtra'),
(2, 2, '456 Elm St', 'Apt 2', 'Area B', 'Near Mall', 234567, 'CityB', 'Karnataka'),
(3, 3, '789 Oak St', 'Apt 3', 'Area C', 'Near School', 345678, 'CityC', 'Kerala'),
(4, 4, '101 Pine St', 'Apt 4', 'Area D', 'Near Hospital', 456789, 'CityD', 'Tamil Nadu'),
(5, 5, '202 Maple St', 'Apt 5', 'Area E', 'Near Market', 567890, 'CityE', 'Andhra Pradesh'),
(6, 6, '303 Cedar St', 'Apt 6', 'Area F', 'Near Airport', 678901, 'CityF', 'Rajasthan'),
(7, 7, '404 Birch St', 'Apt 7', 'Area G', 'Near Station', 789012, 'CityG', 'Punjab'),
(8, 8, '505 Walnut St', 'Apt 8', 'Area H', 'Near Museum', 890123, 'CityH', 'Gujarat'),
(9, 9, '606 Chestnut St', 'Apt 9', 'Area I', 'Near Office', 901234, 'CityI', 'West Bengal'),
(10, 10, '707 Ash St', 'Apt 10', 'Area J', 'Near Lake', 123012, 'CityJ', 'Haryana'),
(11, 11, '808 Fir St', 'Apt 11', 'Area K', 'Near Beach', 234123, 'CityK', 'Uttar Pradesh'),
(12, 12, '909 Spruce St', 'Apt 12', 'Area L', 'Near Temple', 345234, 'CityL', 'Bihar'),
(13, 13, '1010 Redwood St', 'Apt 13', 'Area M', 'Near University', 456345, 'CityM', 'Madhya Pradesh'),
(14, 14, '1111 Sequoia St', 'Apt 14', 'Area N', 'Near Plaza', 567456, 'CityN', 'Goa'),
(15, 15, '1212 Poplar St', 'Apt 15', 'Area O', 'Near Park', 678567, 'CityO', 'Assam'),
(16, 16, '1313 Cypress St', 'Apt 16', 'Area P', 'Near Mall', 789678, 'CityP', 'Jharkhand'),
(17, 17, '1414 Redwood St', 'Apt 17', 'Area Q', 'Near School', 890789, 'CityQ', 'Odisha'),
(18, 18, '1515 Alder St', 'Apt 18', 'Area R', 'Near Hospital', 901890, 'CityR', 'Chhattisgarh'),
(19, 19, '1616 Aspen St', 'Apt 19', 'Area S', 'Near Market', 123901, 'CityS', 'Himachal Pradesh'),
(20, 20, '1717 Willow St', 'Apt 20', 'Area T', 'Near Airport', 234012, 'CityT', 'Jammu and Kashmir');

INSERT INTO STOPS (STOPS_ID, ADDRESS_LINE1, ADDRESS_LINE2, ADDRESS_LINE3, LANDMARK, PINCODE, CITY, STATE, TRIP_ID) VALUES
(1, '123 Main St', 'Apt 4B', 'Near Park', 'Central Park', 560001, 'Bangalore', 'Karnataka', 1),
(2, '456 Elm St', 'Suite 200', NULL, 'Near Mall', 110001, 'New Delhi', 'Delhi', 2),
(3, '789 Maple Ave', NULL, NULL, 'Opposite Hospital', 400001, 'Mumbai', 'Maharashtra', 3),
(4, '101 Oak St', 'Building 3', NULL, 'Near School', 500001, 'Hyderabad', 'Telangana', 4),
(5, '202 Pine St', 'Floor 5', 'Tech Park', 'Tech Hub', 600001, 'Chennai', 'Tamil Nadu', 5),
(6, '303 Cedar St', 'Block A', 'Near Lake', 'Lake View', 700001, 'Kolkata', 'West Bengal', 6),
(7, '404 Birch St', NULL, 'Next to Cafe', 'Cafe Corner', 380001, 'Ahmedabad', 'Gujarat', 7),
(8, '505 Walnut St', 'Tower 2', 'Opposite Plaza', 'Plaza Point', 122001, 'Gurgaon', 'Haryana', 8),
(9, '606 Fir St', 'Unit 10', 'Near Airport', 'Airport Road', 380015, 'Gandhinagar', 'Gujarat', 9),
(10, '707 Spruce St', 'Level 3', 'Near Metro', 'Metro Station',20100, 'Noida', 'Uttar Pradesh',10);


delete from  driver where DRIVER_ID=21;

select*from customer where rating>=4;

select count(trip_id)
from trips
where customer_id=2;

select*from vehicle
where CATEGORY = 'suv';

select count(trip_id)
from trips
where COUPON_ID=5;

select count(trip_id)
from trips
where status= 'completed'
group by driver_id;

update customer_address set address_line1 = '125 p street'
Where customer_id = '2';

delete from customer_contact where CUSTOMER_CONTACT_ID=2;

select*from driver where rating<4;

select sum(fare) as total_fare from trips where DRIVER_ID='12';

select*from customer where CUSTOMER_ID in 
(select CUSTOMER_ID from trips group by CUSTOMER_ID having count(*) > 2);

insert into driver(driver_id,name,email,dob,rating)
value
(23,'kalpe','aqws@gmail.com','1980-2-2',4);       



	
select*from trips where PAYMENT_MODE ='debit card'; 

select*from trips where start_location = 'locationB';

select*from customer_contact where CUSTOMER_CONTACT_ID='3';

update customer_address set state ='kerala' where customer_id=1;

select sum(fare)as total_fare from trips where DRIVER_ID=4;

select*from vehicle where YEAR > 2022;

select customer_id, count(trip_id) from trips
group by customer_id
having count(trip_id) > 3; 

select sum(distance) as total_distance from trips;

select avg(rating) as average_rating from driver;
 

select driver.DRIVER_ID
from driver
left join trips
on driver.DRIVER_ID=trips.DRIVER_ID
where CUSTOMER_ID is null;

update validity where coupen_id=4; 

select month(start_date_time),count(trip_id)
from trips
where year(start_date_time)='2023'
group by month(start_date_time);

select abs (timestampdiff(minute,now(),'2024-06-26 23:59:59'));


 























































 



 
























